,gradcam,gradcampp,integrated_gradients,saliency
gradcam,1.0,2.8364093447304158e-14,3.896559845095909e-18,3.896559845095909e-18
gradcampp,2.8364093447304158e-14,1.0,3.896559845095909e-18,3.896559845095909e-18
integrated_gradients,3.896559845095909e-18,3.896559845095909e-18,1.0,0.24239136462501465
saliency,3.896559845095909e-18,3.896559845095909e-18,0.24239136462501465,1.0
