,gradcam,gradcampp,integrated_gradients,saliency
gradcam,1.0,0.4210690066046685,0.00010076375400562272,0.038787590867568576
gradcampp,0.4210690066046685,1.0,0.00030591253406076906,0.10170516363941541
integrated_gradients,0.00010076375400562272,0.00030591253406076906,1.0,0.009916034767710717
saliency,0.038787590867568576,0.10170516363941541,0.009916034767710717,1.0
