,gradcam,gradcampp,integrated_gradients,saliency
gradcam,1.0,1.6033960728283034e-16,3.896559845095909e-18,3.896559845095909e-18
gradcampp,1.6033960728283034e-16,1.0,3.896559845095909e-18,3.896559845095909e-18
integrated_gradients,3.896559845095909e-18,3.896559845095909e-18,1.0,1.833761596838848e-10
saliency,3.896559845095909e-18,3.896559845095909e-18,1.833761596838848e-10,1.0
