,gradcam,gradcampp,integrated_gradients,saliency
gradcam,1.0,9.267467021525738e-05,2.4038715024460528e-08,1.4373720306251741e-09
gradcampp,9.267467021525738e-05,1.0,1.388390715047386e-16,4.8816168731894246e-17
integrated_gradients,2.4038715024460528e-08,1.388390715047386e-16,1.0,2.912818606597037e-14
saliency,1.4373720306251741e-09,4.8816168731894246e-17,2.912818606597037e-14,1.0
