,gradcam,gradcampp,integrated_gradients,saliency
gradcam,1.0,0.010194581782666929,0.0,2.479159287686818e-240
gradcampp,0.010194581782666929,1.0,0.0,1.9755618470615224e-249
integrated_gradients,0.0,0.0,1.0,2.9509875168878765e-58
saliency,2.479159287686818e-240,1.9755618470615224e-249,2.9509875168878765e-58,1.0
