,gradcam,gradcampp,integrated_gradients,saliency
gradcam,1.0,0.03818509586566055,1.0845790983973168e-05,0.3767436432001271
gradcampp,0.03818509586566055,1.0,1.1737043222152393e-09,0.034337956811842714
integrated_gradients,1.0845790983973168e-05,1.1737043222152393e-09,1.0,1.2724039879771114e-15
saliency,0.3767436432001271,0.034337956811842714,1.2724039879771114e-15,1.0
