,gradcam,gradcampp,integrated_gradients,saliency
gradcam,1.0,4.36634340924843e-12,2.5968634363691743e-08,0.00043578615217769115
gradcampp,4.36634340924843e-12,1.0,3.896559845095909e-18,8.777880718979924e-18
integrated_gradients,2.5968634363691743e-08,3.896559845095909e-18,1.0,1.7106597437436288e-11
saliency,0.00043578615217769115,8.777880718979924e-18,1.7106597437436288e-11,1.0
