,gradcam,gradcampp,integrated_gradients,saliency
gradcam,1.0,3.4797319580852345e-07,1.6587518023763977e-13,2.046746475848034e-13
gradcampp,3.4797319580852345e-07,1.0,1.6784884860821076e-12,0.011165255640191399
integrated_gradients,1.6587518023763977e-13,1.6784884860821076e-12,1.0,4.139373908714419e-18
saliency,2.046746475848034e-13,0.011165255640191399,4.139373908714419e-18,1.0
