,gradcam,gradcampp,integrated_gradients,saliency
gradcam,1.0,0.11295094131626206,0.0005853250706648852,0.31043684356809365
gradcampp,0.11295094131626206,1.0,0.03302646611305504,0.5180170574396306
integrated_gradients,0.0005853250706648852,0.03302646611305504,1.0,0.0029380046692335415
saliency,0.31043684356809365,0.5180170574396306,0.0029380046692335415,1.0
