,gradcam,gradcampp,integrated_gradients,saliency
gradcam,1.0,9.451287832090095e-10,5.362626265112969e-15,5.362626265112969e-15
gradcampp,9.451287832090095e-10,1.0,7.849526548031477e-15,7.849526548031477e-15
integrated_gradients,5.362626265112969e-15,7.849526548031477e-15,1.0,1.0226231706471904e-14
saliency,5.362626265112969e-15,7.849526548031477e-15,1.0226231706471904e-14,1.0
