,gradcam,gradcampp,integrated_gradients,saliency
gradcam,1.0,0.2437793945162675,0.13744945670708206,0.05861384418740005
gradcampp,0.2437793945162675,1.0,0.8044753358016482,0.4092592100268002
integrated_gradients,0.13744945670708206,0.8044753358016482,1.0,0.8473143893644655
saliency,0.05861384418740005,0.4092592100268002,0.8473143893644655,1.0
