,gradcam,gradcampp,integrated_gradients,saliency
gradcam,1.0,1.9297299068967694e-09,7.547498213151496e-11,1.6295557943119345e-11
gradcampp,1.9297299068967694e-09,1.0,5.143753751233159e-11,3.5060510731588664e-11
integrated_gradients,7.547498213151496e-11,5.143753751233159e-11,1.0,5.143753751233159e-11
saliency,1.6295557943119345e-11,3.5060510731588664e-11,5.143753751233159e-11,1.0
