,gradcam,gradcampp,integrated_gradients,saliency
gradcam,1.0,8.493116992118598e-07,8.519072542858556e-18,5.269204481546392e-18
gradcampp,8.493116992118598e-07,1.0,3.896559845095909e-18,3.896559845095909e-18
integrated_gradients,8.519072542858556e-18,3.896559845095909e-18,1.0,0.2288162707681446
saliency,5.269204481546392e-18,3.896559845095909e-18,0.2288162707681446,1.0
