,gradcam,gradcampp,integrated_gradients,saliency
gradcam,1.0,8.82079794956544e-22,3.209792828775447e-126,4.4341812560635016e-11
gradcampp,8.82079794956544e-22,1.0,1.2141156462338237e-167,9.15326635177168e-45
integrated_gradients,3.209792828775447e-126,1.2141156462338237e-167,1.0,9.504692175920815e-128
saliency,4.4341812560635016e-11,9.15326635177168e-45,9.504692175920815e-128,1.0
