,gradcam,gradcampp,integrated_gradients,saliency
gradcam,1.0,1.4270756305756284e-15,9.142353347971586e-14,1.9117563984751598e-11
gradcampp,1.4270756305756284e-15,1.0,3.896559845095909e-18,4.139373908714419e-18
integrated_gradients,9.142353347971586e-14,3.896559845095909e-18,1.0,6.348428415673146e-17
saliency,1.9117563984751598e-11,4.139373908714419e-18,6.348428415673146e-17,1.0
