,faithfulness,localization,complexity,randomization,robustness
gradcam,0.04437015877105296,0.14132986494898797,11.497535190582276,-0.11315336157044854,0.13003608670826722
gradcampp,0.009025731622241438,0.1251518235305945,11.557495613098144,-0.5964235564374897,0.08978478462642264
integrated_gradients,0.012085492841433733,0.21065091818074386,11.185185480117799,0.22537776027531767,0.8869728697564012
saliency,-0.0033363007800653577,0.1559018713136514,11.219310550689697,0.12978358853966113,1.251057115290314
