,faithfulness,localization,complexity,randomization,robustness
gradcam,0.0,0.0,0.1378866019136863,0.5521711652339455,0.997875555142516
gradcampp,0.0819381396072169,0.002047128776336806,0.0,0.686352545396913,1.0
integrated_gradients,0.9206694819021843,1.0,1.0,0.2176166631543459,0.7641193079986142
saliency,0.38764522141208485,0.7488259895066212,0.9930351604134962,0.15803231899752235,0.7898410032910518
