,faithfulness,robustness,complexity,localization
gradcam,0.13853045901517466,0.9477040618707097,0.2233721462612085,0.3124792954590828
gradcampp,0.1731467775001507,1.0,0.0,0.3256880291370631
integrated_gradients,0.0,0.0,0.7780641235297896,1.0
saliency,1.0,0.06963416914249965,1.0,0.0
