,faithfulness,robustness,complexity,localization
gradcam,1.0,0.9771263481337197,0.22376370062736173,0.0
gradcampp,0.9573231876421375,1.0,0.0,0.3506852334752536
integrated_gradients,0.0,0.0,1.0,0.28884025146264347
saliency,0.4469362667982569,0.16697719444159154,0.9377649068830858,1.0
