,faithfulness,localization,complexity,randomization,robustness
gradcam,0.10495765104424208,0.11621603459119796,11.110408115386964,-0.321516018002421,0.2837499268873542
gradcampp,0.06920856822282076,0.11771108476320903,11.337744140625,-0.02410287632279337,0.21132708659577298
integrated_gradients,4.96516702696681e-05,0.1215462111334006,10.876304845809937,0.3130857438453315,0.8979055289133093
saliency,0.08026672258973122,0.1213306591808796,11.007378034591675,0.09186744440108859,1.0326369429566733
