,faithfulness,localization,complexity,randomization,robustness
gradcam,0.21457422157680395,0.47009935257215335,0.22446467030133022,0.2346914557164559,0.24416907052343256
gradcampp,0.16225226320916156,0.46760606376245817,0.16399775200727973,0.400973444350194,0.15245787624510157
integrated_gradients,0.18526777522042293,0.48778763785724005,0.18929524291657565,0.0568094228494952,0.05375393714697304
saliency,0.18028914188159173,0.48726966368570784,0.17389470629139367,0.03271823477812576,0.08367610843001058
