,faithfulness,robustness,complexity,localization
gradcam,-0.08267811719949046,0.09098555138645073,11.470675627390543,0.009325128801167011
gradcampp,-0.07766478395399948,0.06398432181325431,11.624960676829021,0.009963067871207992
integrated_gradients,-0.10274089065690835,0.5803003214697043,11.087545140584309,0.042530152808874844
saliency,0.042084829260905586,0.5443470858186483,10.934252134958903,-0.005766609439005454
