,faithfulness,robustness,complexity,localization
gradcam,-0.014877936306099097,0.09527828600261153,11.578882789611816,0.0626741456616049
gradcampp,-0.01966427657753229,0.0793424726050968,11.69875644048055,0.0826125274335888
integrated_gradients,-0.12703111755351226,0.7760311120351157,11.163041083017985,0.07909630050316142
saliency,-0.07690579341724516,0.6596999976237616,11.196381378173829,0.1195296384760489
