,faithfulness,localization,complexity,randomization,robustness
gradcam,1.0,0.046287280037250474,0.6449445794201701,0.6977408165594532,0.7776170838707961
gradcampp,0.7473114537420998,0.051631435064174856,0.33724402448700486,0.3707368578455137,0.8358377179654941
integrated_gradients,0.25846909177907046,0.06534034614545312,0.9618046366200581,0.0,0.283898135003244
saliency,0.825474828316725,0.06456984153484267,0.7843963579155699,0.24322818840384897,0.175587713505017
