,faithfulness,localization,complexity,randomization,robustness
gradcam,0.4738564382238831,0.43154497829666333,0.07313895269313642,0.42924258333585696,0.8690100974587293
gradcampp,0.15332435209582268,0.37970146106601865,0.05047830915648366,1.0,0.9230348379602829
integrated_gradients,0.07690346798532868,0.7213124818726886,0.4965319446456643,0.09547954869238218,0.17552712017444705
saliency,0.4289779992624228,0.5372138967779041,0.46259141545229787,0.19139475747314805,0.0
