,faithfulness,localization,complexity,randomization,robustness
gradcam,0.17562508318534084,0.2792146070672573,0.17173960105856245,0.32551548737230845,0.0049386144397727
gradcampp,0.22821030402753015,0.2708383832597038,0.08019116498723033,0.31287252186593034,0.00277363767329222
integrated_gradients,0.20844072013554193,0.4261858964082861,0.19843513846871816,0.05242172584382681,0.08539324717137498
saliency,0.21857845348326632,0.3820582942747537,0.2458603526394303,0.02829797699571042,0.08973176062524559
