,faithfulness,localization,complexity,randomization,robustness
gradcam,0.02999345064163208,0.15852912818392118,11.539079984029135,-0.07764552404765324,0.14138684320975756
gradcampp,-0.014146657039721807,0.14501740203963387,11.557004737854005,-0.5810571419396507,0.08613857267534031
integrated_gradients,-0.024670489753286045,0.23404983671175109,11.20417267481486,0.21673556388358678,0.8505755368401023
saliency,0.0238132920426627,0.18606910935706564,11.231019910176595,0.13213774872950557,1.0300779228116952
