,faithfulness,robustness,complexity,localization
gradcam,0.22354775707281474,0.9812856694141804,0.2429820632953531,0.10438479811705217
gradcampp,0.17201515460162653,1.0,0.0,0.0
integrated_gradients,1.0,0.0,0.8210061352512005,0.24504085349900628
saliency,0.0,0.1668166193953321,1.0,1.0
