,faithfulness,localization,complexity,randomization,robustness
gradcam,0.6096649543356016,0.3144632501408591,0.08316838447508157,0.5834158600679152,0.9971944475905855
gradcampp,0.5913862796455234,0.2759103042718644,0.0,0.531223208507549,1.0
integrated_gradients,0.9631123887194261,1.0,0.9549569755855065,0.195575247064961,0.721252875393251
saliency,0.0,0.7799891815850873,1.0,0.1499005273580637,0.7211120783257401
