,faithfulness,localization,complexity,randomization,robustness
gradcam,0.5717438284948082,0.1360583159961132,0.12096596343739863,0.468647330250759,0.9011874548798136
gradcampp,0.32191554732839495,0.07822884445697469,0.03980920325017656,1.0,0.9335454281505007
integrated_gradients,0.34354314035606026,0.38385097341700275,0.543733006815144,0.09643439989315139,0.2926868865337524
saliency,0.23453585112370876,0.18814690975971676,0.4975445369449951,0.20153961619597593,0.0
