,faithfulness,localization,complexity,randomization,robustness
gradcam,0.7518780775968296,0.005665958230463864,0.5644060504847395,0.6818665521215949,0.6707854593204254
gradcampp,1.0,0.0,0.2759989816326154,0.3804649608372167,0.7516673206675101
integrated_gradients,0.15527095752715314,0.043157433565211345,0.8589847713084033,0.0,0.037599037741668284
saliency,0.8451963388515877,0.04377476560138081,0.7319612835528237,0.2280225672998868,0.044676320061881825
