,faithfulness,robustness,complexity,localization
gradcam,0.008894775031755368,0.02026384608796798,11.526514307657878,0.27673931937416396
gradcampp,-0.003097969914476077,0.012544846089440398,11.648902797698975,0.25450003126760323
integrated_gradients,0.18959191171452403,0.4250095058927933,11.235367329915364,0.3067062359750271
saliency,-0.04312959605207046,0.35620354572435226,11.145209280649821,0.4675510550538699
