,faithfulness,localization,complexity,randomization,robustness
gradcam,0.24221642872980675,0.16098513766173755,0.11941160896156738,0.2634245810502628,0.04910866696931843
gradcampp,0.2317407528067948,0.16609304290874383,0.08696332734282962,0.20936808673994056,0.04420341375654682
integrated_gradients,0.17424605180227998,0.23649712608343904,0.13408932130454176,0.07887822026265211,0.040431263924667185
saliency,0.26339854670185764,0.19906118829996802,0.05846629248753604,0.01606010905330216,0.11432125277800881
