,faithfulness,localization,complexity,randomization,robustness
gradcam,0.048695486364886166,0.1280146814054913,11.531146621704101,-0.21362732018271172,0.01029942680357231
gradcampp,0.046178350939104953,0.1179668128490448,11.596933492024739,-0.1675930744647306,0.007430335400729545
integrated_gradients,0.09736832908044259,0.30668282200892766,10.841554737091064,0.12845053071437182,0.29249040987756525
saliency,-0.03526077854136626,0.2493424622880088,10.805925337473552,0.16873591969590976,0.2926343956589699
